{
	"camera_data":
	{
		"location_worldframe": [ 1014.3253784179688, -368.43099975585938, 135.41600036621094 ],
		"quaternion_xyzw_worldframe": [ 0.028100000694394112, 0.012000000104308128, -0.91949999332427979, 0.39190000295639038 ]
	},
	"objects": [
		{
			"class": "tower_fat",
			"visibility": 0,
			"location": [ -0.00019999999494757503, -9.9999997473787516e-05, 252.17900085449219 ],
			"quaternion_xyzw": [ 0.029999999329447746, 0.1940000057220459, 0.0059000002220273018, 0.9804999828338623 ],
			"pose_transform": [
				[ 0.38069999217987061, -0.056499999016523361, 0.92299997806549072, 0 ],
				[ 0.92470002174377441, 0.023299999535083771, -0.37999999523162842, 0 ],
				[ 0, -0.99809998273849487, -0.061099998652935028, 0 ],
				[ -0.00019999999494757503, -9.9999997473787516e-05, 252.17900085449219, 1 ]
			],
			"cuboid_centroid": [ -0.00030000001424923539, -1.6488000154495239, 252.07809448242188 ],
			"projected_cuboid_centroid": [ 479.99960327148438, 266.86050415039063 ],
			"bounding_box":
			{
				"top_left": [ 57.848098754882813, 358.50970458984375 ],
				"bottom_right": [ 500.18350219726563, 612.1824951171875 ]
			},
			"cuboid": [
				[ 73.084999084472656, -102.87059783935547, 254.19979858398438 ],
				[ -46.047599792480469, -105.86930084228516, 303.16171264648438 ],
				[ -46.047599792480469, 95.55889892578125, 315.4984130859375 ],
				[ 73.084999084472656, 98.557601928710938, 266.5364990234375 ],
				[ 46.047000885009766, -98.856399536132813, 188.65769958496094 ],
				[ -73.085601806640625, -101.8551025390625, 237.61959838867188 ],
				[ -73.085601806640625, 99.573097229003906, 249.956298828125 ],
				[ 46.047000885009766, 102.57180023193359, 200.99440002441406 ]
			],
			"projected_cuboid": [
				[ 618.00469970703125, 75.751800537109375 ],
				[ 407.0924072265625, 102.37580108642578 ],
				[ 409.94320678710938, 415.38360595703125 ],
				[ 611.6171875, 447.49038696289063 ],
				[ 597.15692138671875, 18.48069953918457 ],
				[ 332.36489868164063, 64.249099731445313 ],
				[ 339.65139770507813, 461.21380615234375 ],
				[ 589.96612548828125, 514.95452880859375 ]
			]
		}
	]
}