{
	"camera_data":
	{
		"location_worldframe": [ 1057.6064453125, -409.98529052734375, 135.41600036621094 ],
		"quaternion_xyzw_worldframe": [ 0.028100000694394112, 0.012000000104308128, -0.91949999332427979, 0.39190000295639038 ]
	},
	"objects": [
		{
			"class": "tower_fat",
			"visibility": 1,
			"location": [ -60.000400543212891, -9.9999997473787516e-05, 252.17900085449219 ],
			"quaternion_xyzw": [ 0.029999999329447746, 0.1940000057220459, 0.0059000002220273018, 0.9804999828338623 ],
			"pose_transform": [
				[ 0.38069999217987061, -0.056499999016523361, 0.92299997806549072, 0 ],
				[ 0.92470002174377441, 0.023299999535083771, -0.37999999523162842, 0 ],
				[ 0, -0.99809998273849487, -0.061099998652935028, 0 ],
				[ -60.000400543212891, -9.9999997473787516e-05, 252.17900085449219, 1 ]
			],
			"cuboid_centroid": [ -60.000400543212891, -1.6488000154495239, 252.07809448242188 ],
			"projected_cuboid_centroid": [ 365.74929809570313, 266.86050415039063 ],
			"bounding_box":
			{
				"top_left": [ 57.848098754882813, 242.95710754394531 ],
				"bottom_right": [ 500.18350219726563, 491.02139282226563 ]
			},
			"cuboid": [
				[ 13.084799766540527, -102.87059783935547, 254.19979858398438 ],
				[ -106.04769897460938, -105.86930084228516, 303.16171264648438 ],
				[ -106.04769897460938, 95.55889892578125, 315.4984130859375 ],
				[ 13.084799766540527, 98.557601928710938, 266.5364990234375 ],
				[ -13.953100204467773, -98.856399536132813, 188.65769958496094 ],
				[ -133.085693359375, -101.8551025390625, 237.61959838867188 ],
				[ -133.085693359375, 99.573097229003906, 249.956298828125 ],
				[ -13.953100204467773, 102.57180023193359, 200.99440002441406 ]
			],
			"projected_cuboid": [
				[ 504.7080078125, 75.751800537109375 ],
				[ 312.09359741210938, 102.37580108642578 ],
				[ 318.65908813476563, 415.38360595703125 ],
				[ 503.56439208984375, 447.49038696289063 ],
				[ 444.49951171875, 18.48069953918457 ],
				[ 211.16270446777344, 64.249099731445313 ],
				[ 224.43130493164063, 461.21380615234375 ],
				[ 446.67849731445313, 514.95458984375 ]
			]
		}
	]
}